;link;russian_name;original_name;country;film_type;rate
0;kinopoisk.ru/film/435/;Зеленая миля;Green Mile, The, 1999;США;драма, криминал;9.0
1;kinopoisk.ru/film/326/;Побег из Шоушенка;Shawshank Redemption, The, 1994;США;драма;8.9
2;kinopoisk.ru/film/3498/;Властелин колец: Возвращение короля;Lord of the Rings: The Return of the King, The, 2003;Новая Зеландия, США;фэнтези, приключения;8.9
3;kinopoisk.ru/film/312/;Властелин колец: Две крепости;Lord of the Rings: The Two Towers, The, 2002;Новая Зеландия, США;фэнтези, приключения;8.8
4;kinopoisk.ru/film/328/;Властелин колец: Братство Кольца;Lord of the Rings: The Fellowship of the Ring, The, 2001;Новая Зеландия, США;фэнтези, приключения;8.8
5;kinopoisk.ru/film/329/;Список Шиндлера;Schindler's List, 1993;США;драма, биография;8.8
6;kinopoisk.ru/film/448/;Форрест Гамп;Forrest Gump, 1994;США;драма, комедия;8.7
7;kinopoisk.ru/film/535341/;1+1;Intouchables, 2011;Франция;драма, комедия;8.7
8;kinopoisk.ru/film/2360/;Король Лев;Lion King, The, 1994;США;мультфильм, мюзикл;8.7
9;kinopoisk.ru/film/342/;Криминальное чтиво;Pulp Fiction, 1994;США;криминал, драма;8.7
10;kinopoisk.ru/film/258687/;Интерстеллар;Interstellar, 2014;Великобритания, Канада;фантастика, драма;8.7
11;kinopoisk.ru/film/42664/;Иван Васильевич меняет профессию;1973;СССР;комедия, фантастика;8.7
12;kinopoisk.ru/film/679486/;Тайна Коко;Coco, 2017;США, Мексика;мультфильм, фэнтези;8.6
13;kinopoisk.ru/film/447301/;Начало;Inception, 2010;США, Великобритания;фантастика, боевик;8.6
14;kinopoisk.ru/film/279102/;ВАЛЛ·И;WALL·E, 2008;США;мультфильм, фантастика;8.6
15;kinopoisk.ru/film/476/;Назад в будущее;Back to the Future, 1985;США;фантастика, комедия;8.6
16;kinopoisk.ru/film/522/;Карты, деньги, два ствола;Lock, Stock and Two Smoking Barrels, 1998;Великобритания;боевик, комедия;8.6
17;kinopoisk.ru/film/370/;Унесённые призраками;Sen to Chihiro no kamikakushi, 2001;Япония;аниме, мультфильм;8.6
18;kinopoisk.ru/film/301/;Матрица;Matrix, The, 1999;США, Австралия;фантастика, боевик;8.6
19;kinopoisk.ru/film/957887/;Клаус;Klaus, 2019;Испания, Великобритания;мультфильм, семейный;8.6
20;kinopoisk.ru/film/361/;Бойцовский клуб;Fight Club, 1999;США, Германия;триллер, драма;8.5
21;kinopoisk.ru/film/32898/;Достучаться до небес;Knockin' on Heaven's Door, 1997;Германия;драма, комедия;8.5
22;kinopoisk.ru/film/44386/;Джентльмены удачи;1971;СССР;комедия, драма;8.5
23;kinopoisk.ru/film/111543/;Темный рыцарь;Dark Knight, The, 2008;США, Великобритания;фантастика, боевик;8.5
24;kinopoisk.ru/film/46708/;Москва слезам не верит;1979;СССР;мелодрама, драма;8.5
25;kinopoisk.ru/film/77263/;Приключения Шерлока Холмса и доктора Ватсона: Собака Баскервилей;1981;СССР;детектив, криминал;8.5
26;kinopoisk.ru/film/474/;Гладиатор;Gladiator, 2000;США, Великобритания;история, боевик;8.5
27;kinopoisk.ru/film/430/;Шрэк;Shrek, 2001;США, Япония;мультфильм, фэнтези;8.5
28;kinopoisk.ru/film/397667/;Остров проклятых;Shutter Island, 2009;США;триллер, детектив;8.5
29;kinopoisk.ru/film/4374/;Пираты Карибского моря: Проклятие Черной жемчужины;Pirates of the Caribbean: The Curse of the Black Pearl, 2003;США;фэнтези, боевик;8.5
30;kinopoisk.ru/film/526/;Большой куш;Snatch, 2000;Великобритания, США;криминал, комедия;8.5
31;kinopoisk.ru/film/43395/;...А зори здесь тихие;1972;СССР;драма, военный;8.5
32;kinopoisk.ru/film/25108/;В бой идут одни «старики»;1973;СССР;военный, драма;8.5
33;kinopoisk.ru/film/1143242/;Джентльмены;Gentlemen, The, 2019;Великобритания, США;криминал, комедия;8.5
34;kinopoisk.ru/film/42782/;Операция «Ы» и другие приключения Шурика;1965;СССР;комедия, мелодрама;8.5
35;kinopoisk.ru/film/324/;Поймай меня, если сможешь;Catch Me If You Can, 2002;США, Канада;криминал, биография;8.4
36;kinopoisk.ru/film/322/;Гарри Поттер и узник Азкабана;Harry Potter and the Prisoner of Azkaban, 2004;Великобритания, США;фэнтези, приключения;8.4
37;kinopoisk.ru/film/41519/;Брат;1997;Россия;драма, криминал;8.4
38;kinopoisk.ru/film/325/;Крестный отец;Godfather, The, 1972;США;драма, криминал;8.4
39;kinopoisk.ru/film/573759/;Остров сокровищ;1988;СССР;мультфильм, приключения;8.4
40;kinopoisk.ru/film/8124/;Один дома;Home Alone, 1990;США;комедия, семейный;8.4
41;kinopoisk.ru/film/689/;Гарри Поттер и философский камень;Harry Potter and the Sorcerer's Stone, 2001;Великобритания, США;фэнтези, приключения;8.4
42;kinopoisk.ru/film/389/;Леон;Léon, 1994;Франция, США;боевик, триллер;8.4
43;kinopoisk.ru/film/775273/;Душа;Soul, 2020;США;мультфильм, фэнтези;8.4
44;kinopoisk.ru/film/450213/;Невидимая сторона;Blind Side, The, 2009;США;драма, спорт;8.4
45;kinopoisk.ru/film/49684/;Ходячий замок;Hauru no ugoku shiro, 2004;Япония;аниме, мультфильм;8.4
46;kinopoisk.ru/film/42770/;Они сражались за Родину;1975;СССР;драма, военный;8.4
47;kinopoisk.ru/film/5502/;Назад в будущее 2;Back to the Future Part II, 1989;США;фантастика, приключения;8.4
48;kinopoisk.ru/film/346/;12 разгневанных мужчин;12 Angry Men, 1956;США;драма, детектив;8.4
49;kinopoisk.ru/film/381/;Жизнь прекрасна;La vita è bella, 1997;Италия;военный, комедия;8.4
50;kinopoisk.ru/film/195334/;Престиж;Prestige, The, 2006;Великобритания, США;триллер, фантастика;8.4
51;kinopoisk.ru/film/45146/;Любовь и голуби;1984;СССР;мелодрама, комедия;8.4
52;kinopoisk.ru/film/2213/;Титаник;Titanic, 1997;США, Мексика;мелодрама, история;8.4
53;kinopoisk.ru/film/444/;Терминатор 2: Судный день;Terminator 2: Judgment Day, 1991;США;фантастика, боевик;8.3
54;kinopoisk.ru/film/81314/;Отступники;Departed, The, 2006;США, Гонконг;триллер, драма;8.3
55;kinopoisk.ru/film/43869/;Служебный роман;1977;СССР;мелодрама, комедия;8.3
56;kinopoisk.ru/film/77335/;Собачье сердце;1988;СССР;фантастика, драма;8.3
57;kinopoisk.ru/film/725190/;Одержимость;Whiplash, 2013;США;драма, музыка;8.3
58;kinopoisk.ru/film/407636/;Гарри Поттер и Дары Смерти: Часть II;Harry Potter and the Deathly Hallows: Part 2, 2011;Великобритания, США;фэнтези, детектив;8.3
59;kinopoisk.ru/film/355/;Пианист;Pianist, The, 2002;Франция, Польша;драма, военный;8.3
60;kinopoisk.ru/film/41520/;Брат 2;2000;Россия, США;боевик, криминал;8.3
61;kinopoisk.ru/film/649917/;По соображениям совести;Hacksaw Ridge, 2016;Австралия, США;драма, военный;8.3
62;kinopoisk.ru/film/530/;Игры разума;A Beautiful Mind, 2001;США;драма, биография;8.3
63;kinopoisk.ru/film/1108577/;Зеленая книга;Green Book, 2018;США, Китай;биография, комедия;8.3
64;kinopoisk.ru/film/44745/;Кавказская пленница, или Новые приключения Шурика;1966;СССР;комедия, приключения;8.3
65;kinopoisk.ru/film/42736/;Офицеры;1971;СССР;драма, военный;8.3
66;kinopoisk.ru/film/77269/;Шерлок Холмс и доктор Ватсон: Знакомство;1979;СССР;криминал, детектив;8.3
67;kinopoisk.ru/film/958722/;Твоё имя;Kimi no na wa., 2016;Япония;аниме, мультфильм;8.3
68;kinopoisk.ru/film/4541/;Шоу Трумана;Truman Show, The, 1998;США;драма, комедия;8.3
69;kinopoisk.ru/film/688/;Гарри Поттер и Тайная комната;Harry Potter and the Chamber of Secrets, 2002;Великобритания, США;фэнтези, приключения;8.3
70;kinopoisk.ru/film/586397/;Джанго освобожденный;Django Unchained, 2012;США;вестерн, боевик;8.3
71;kinopoisk.ru/film/46225/;Бриллиантовая рука;1968;СССР;комедия, криминал;8.3
72;kinopoisk.ru/film/462682/;Волк с Уолл-стрит;Wolf of Wall Street, The, 2013;США;драма, криминал;8.3
73;kinopoisk.ru/film/458/;Корпорация монстров;Monsters, Inc., 2001;США;мультфильм, фэнтези;8.3
74;kinopoisk.ru/film/63912/;Укрощение строптивого;Il bisbetico domato, 1980;Италия;мелодрама, комедия;8.3
75;kinopoisk.ru/film/44168/;Девчата;1962;СССР;мелодрама, комедия;8.3
76;kinopoisk.ru/film/89514/;Рататуй;Ratatouille, 2007;США;мультфильм, приключения;8.3
77;kinopoisk.ru/film/345/;Молчание ягнят;Silence of the Lambs, The, 1990;США;триллер, детектив;8.3
78;kinopoisk.ru/film/538/;Стальной гигант;Iron Giant, The, 1999;США;мультфильм, фантастика;8.3
79;kinopoisk.ru/film/387556/;Хатико: Самый верный друг;Hachi: A Dog's Tale, 2008;США, Великобритания;драма, семейный;8.3
80;kinopoisk.ru/film/278522/;Хоббит: Нежданное путешествие;Hobbit: An Unexpected Journey, The, 2012;Новая Зеландия, США;фэнтези, приключения;8.3
81;kinopoisk.ru/film/5619/;Звёздные войны: Эпизод 3 – Месть ситхов;Star Wars: Episode III - Revenge of the Sith, 2005;США;фантастика, боевик;8.3
82;kinopoisk.ru/film/775276/;Зверополис;Zootopia, 2016;США;мультфильм, комедия;8.3
83;kinopoisk.ru/film/4871/;Запах женщины;Scent of a Woman, 1992;США;драма;8.3
84;kinopoisk.ru/film/819101/;Омерзительная восьмерка;Hateful Eight, The, 2015;США;вестерн, криминал;8.3
85;kinopoisk.ru/film/399/;Храброе сердце;Braveheart, 1995;США;история, биография;8.3
86;kinopoisk.ru/film/42172/;Тайна третьей планеты;1981;СССР;мультфильм, фантастика;8.2
87;kinopoisk.ru/film/44027/;Судьба человека;1959;СССР;драма, военный;8.2
88;kinopoisk.ru/film/4996/;Общество мертвых поэтов;Dead Poets Society, 1989;США;драма, комедия;8.2
89;kinopoisk.ru/film/382/;Американская история X;American History X, 1998;США;драма;8.2
90;kinopoisk.ru/film/441/;Принцесса Мононоке;Mononoke-hime, 1997;Япония;аниме, мультфильм;8.2
91;kinopoisk.ru/film/5273/;Шрэк 2;Shrek 2, 2004;США;мультфильм, фэнтези;8.2
92;kinopoisk.ru/film/456/;Унесенные ветром;Gone with the Wind, 1939;США;мелодрама, история;8.2
93;kinopoisk.ru/film/408410/;Гран Торино;Gran Torino, 2008;США, Германия;драма;8.2
94;kinopoisk.ru/film/527/;День сурка;Groundhog Day, 1993;США;фэнтези, мелодрама;8.2
95;kinopoisk.ru/film/5277/;Мулан;Mulan, 1998;США;мультфильм, мюзикл;8.2
96;kinopoisk.ru/film/377/;Семь;Se7en, 1995;США;триллер, драма;8.2
97;kinopoisk.ru/film/437410/;Темный рыцарь: Возрождение легенды;Dark Knight Rises, The, 2012;Великобритания, США;фантастика, боевик;8.2
98;kinopoisk.ru/film/63991/;Пираты Карибского моря: Сундук мертвеца;Pirates of the Caribbean: Dead Man's Chest, 2006;США;фэнтези, боевик;8.2
99;kinopoisk.ru/film/2361/;Аладдин;Aladdin, 1992;США;мультфильм, мюзикл;8.2
100;kinopoisk.ru/film/395787/;Семь жизней;Seven Pounds, 2008;США;драма, мелодрама;8.2
101;kinopoisk.ru/film/7103/;Назад в будущее 3;Back to the Future Part III, 1990;США;фантастика, комедия;8.2
102;kinopoisk.ru/film/325381/;Вверх;Up, 2009;США;мультфильм, драма;8.2
103;kinopoisk.ru/film/835086/;Ford против Ferrari;Ford v Ferrari, 2019;США;биография, спорт;8.2
104;kinopoisk.ru/film/1309570/;Человек-паук: Нет пути домой;Spider-Man: No Way Home, 2021;США;фантастика, боевик;8.2
105;kinopoisk.ru/film/645118/;Головоломка;Inside Out, 2015;США;мультфильм, семейный;8.2
106;kinopoisk.ru/film/714248/;Песнь моря;Song of the Sea, 2014;Ирландия, Дания;мультфильм, фэнтези;8.2
107;kinopoisk.ru/film/6877/;Терминал;Terminal, The, 2004;США;драма, мелодрама;8.2
108;kinopoisk.ru/film/12198/;Игра;Game, The, 1997;США;триллер, драма;8.2
109;kinopoisk.ru/film/3797/;Адвокат дьявола;Devil's Advocate, The, 1997;США, Германия;триллер, фэнтези;8.2
110;kinopoisk.ru/film/356/;В джазе только девушки;Some Like It Hot, 1959;США;мелодрама, комедия;8.2
111;kinopoisk.ru/film/2656/;Пятый элемент;Fifth Element, The, 1997;Франция, Великобритания;фантастика, боевик;8.2
112;kinopoisk.ru/film/336/;Пролетая над гнездом кукушки;One Flew Over the Cuckoo's Nest, 1975;США;драма;8.2
113;kinopoisk.ru/film/5167/;Эффект бабочки;Butterfly Effect, The, 2003;США, Канада;фантастика, триллер;8.2
114;kinopoisk.ru/film/592260/;Эрнест и Селестина: Приключения мышки и медведя;Ernest et Célestine, 2012;Франция, Бельгия;мультфильм, фэнтези;8.2
115;kinopoisk.ru/film/7640/;Двухсотлетний человек;Bicentennial Man, 1999;США, Германия;фантастика, драма;8.2
116;kinopoisk.ru/film/408876/;Хоббит: Пустошь Смауга;Hobbit: The Desolation of Smaug, The, 2013;Новая Зеландия, США;фэнтези, приключения;8.2
117;kinopoisk.ru/film/327/;Крестный отец 2;Godfather: Part II, The, 1974;США;драма, криминал;8.2
118;kinopoisk.ru/film/46068/;Белый Бим Черное ухо;1976;СССР;драма;8.2
119;kinopoisk.ru/film/470191/;Невероятный мир глазами Энцо;Art of Racing in the Rain, The, 2019;США;драма, мелодрама;8.2
120;kinopoisk.ru/film/5928/;Один дома 2: Затерянный в Нью-Йорке;Home Alone 2: Lost in New York, 1992;США;комедия, семейный;8.2
121;kinopoisk.ru/film/963343/;Форма голоса;Koe no katachi, 2016;Япония;аниме, мультфильм;8.2
122;kinopoisk.ru/film/839/;Спирит: Душа прерий;Spirit: Stallion of the Cimarron, 2002;США;мультфильм, драма;8.2
123;kinopoisk.ru/film/920265/;Человек-паук: Через вселенные;Spider-Man: Into the Spider-Verse, 2018;США;мультфильм, фантастика;8.2
124;kinopoisk.ru/film/61237/;Железный человек;Iron Man, 2008;США, Канада;фантастика, боевик;8.2
125;kinopoisk.ru/film/848894/;Вторая жизнь Уве;En man som heter Ove, 2015;Швеция;драма, мелодрама;8.2
126;kinopoisk.ru/film/2950/;Пробуждение;Awakenings, 1990;США;драма, биография;8.2
127;kinopoisk.ru/film/77531/;Тренер Картер;Coach Carter, 2005;США, Германия;биография, спорт;8.2
128;kinopoisk.ru/film/8221/;Мой сосед Тоторо;Tonari no Totoro, 1988;Япония;аниме, мультфильм;8.2
129;kinopoisk.ru/film/280172/;Как приручить дракона;How to Train Your Dragon, 2010;США;мультфильм, фэнтези;8.2
130;kinopoisk.ru/film/349/;Хороший, плохой, злой;buono, il brutto, il cattivo, Il, 1966;Италия, Испания;приключения, вестерн;8.2
131;kinopoisk.ru/film/44238/;Добро пожаловать, или Посторонним вход воспрещен;1964;СССР;комедия, семейный;8.1
132;kinopoisk.ru/film/371/;Спасти рядового Райана;Saving Private Ryan, 1998;США;военный, драма;8.1
133;kinopoisk.ru/film/485311/;Король говорит!;King's Speech, The, 2010;Великобритания, США;драма, биография;8.1
134;kinopoisk.ru/film/77132/;Мемуары гейши;Memoirs of a Geisha, 2005;Франция, Япония;драма, мелодрама;8.1
135;kinopoisk.ru/film/6006/;Мадагаскар;Madagascar, 2005;США;мультфильм, комедия;8.1
136;kinopoisk.ru/film/843649/;Мстители: Война бесконечности;Avengers: Infinity War, 2018;США;фантастика, боевик;8.1
137;kinopoisk.ru/film/7097/;Балто;Balto, 1995;США, Великобритания;мультфильм, драма;8.1
138;kinopoisk.ru/film/627/;Изгой;Cast Away, 2000;США;драма, мелодрама;8.1
139;kinopoisk.ru/film/338/;Звёздные войны: Эпизод 5 – Империя наносит ответный удар;Star Wars: Episode V - The Empire Strikes Back, 1980;США, Великобритания;фантастика, боевик;8.1
140;kinopoisk.ru/film/694633/;Хоббит: Битва пяти воинств;Hobbit: The Battle of the Five Armies, The, 2014;Новая Зеландия, США;фэнтези, приключения;8.1
141;kinopoisk.ru/film/102124/;Пираты Карибского моря: На краю света;Pirates of the Caribbean: At World's End, 2007;США;приключения, боевик;8.1
142;kinopoisk.ru/film/9691/;Бесславные ублюдки;Inglourious Basterds, 2009;США, Германия;боевик, драма;8.1
143;kinopoisk.ru/film/77264/;Шерлок Холмс и доктор Ватсон: Сокровища Агры;1983;СССР;мелодрама, криминал;8.1
144;kinopoisk.ru/film/77283/;Тот самый Мюнхгаузен;1979;СССР;фэнтези, драма;8.1
145;kinopoisk.ru/film/81555/;Загадочная история Бенджамина Баттона;Curious Case of Benjamin Button, The, 2008;США;драма, фэнтези;8.1
146;kinopoisk.ru/film/7724/;Летят журавли;1957;СССР;военный, мелодрама;8.1
147;kinopoisk.ru/film/689066/;Стражи Галактики;Guardians of the Galaxy, 2014;США;фантастика, боевик;8.1
148;kinopoisk.ru/film/1008113/;Таксист;Taeksi unjeonsa, 2017;Корея Южная;история, драма;8.1
149;kinopoisk.ru/film/470553/;Прислуга;Help, The, 2011;США;драма;8.1
150;kinopoisk.ru/film/41431/;Война;2002;Россия;боевик, драма;8.1
151;kinopoisk.ru/film/46789/;12 стульев;1971;СССР;комедия, приключения;8.1
152;kinopoisk.ru/film/251733/;Аватар;Avatar, 2009;США, Великобритания;фантастика, боевик;8.1
153;kinopoisk.ru/film/46638/;Мимино;1977;СССР;драма, комедия;8.1
154;kinopoisk.ru/film/519/;Человек дождя;Rain Man, 1988;США;драма;8.1
155;kinopoisk.ru/film/1015471/;Райя и последний дракон;Raya and the Last Dragon, 2021;США;мультфильм, фэнтези;8.1
156;kinopoisk.ru/film/81733/;Гордость и предубеждение;Pride & Prejudice, 2005;Великобритания, Франция;драма, мелодрама;8.1
157;kinopoisk.ru/film/1091/;Люди в черном;Men in Black, 1997;США;фантастика, боевик;8.1
158;kinopoisk.ru/film/683999/;Отель «Гранд Будапешт»;Grand Budapest Hotel, The, 2014;США, Германия;комедия, приключения;8.1
159;kinopoisk.ru/film/958541/;Легенда о волках;WolfWalkers, 2020;Ирландия, Люксембург;мультфильм, фэнтези;8.1
160;kinopoisk.ru/film/281251/;Мальчик в полосатой пижаме;Boy in the Striped Pyjamas, The, 2008;Великобритания, США;драма, военный;8.1
161;kinopoisk.ru/film/540/;Красавица и чудовище;Beauty and the Beast, 1991;США;мультфильм, мюзикл;8.1
162;kinopoisk.ru/film/46089/;Берегись автомобиля;1966;СССР;криминал, комедия;8.1
163;kinopoisk.ru/film/350/;Славные парни;Goodfellas, 1990;США;драма, криминал;8.1
164;kinopoisk.ru/film/1188529/;Достать ножи;Knives Out, 2019;США;детектив, комедия;8.1
165;kinopoisk.ru/film/7908/;В поисках Немо;Finding Nemo, 2003;США;мультфильм, комедия;8.1
166;kinopoisk.ru/film/965754/;Дело храбрых;Only the Brave, 2017;США;боевик, драма;8.1
167;kinopoisk.ru/film/447/;Звёздные войны: Эпизод 6 – Возвращение Джедая;Star Wars: Episode VI - Return of the Jedi, 1983;США, Великобритания;фантастика, боевик;8.1
168;kinopoisk.ru/film/3442/;Троя;Troy, 2004;США, Мальта;боевик, история;8.1
169;kinopoisk.ru/film/45660/;Вам и не снилось...;1980;СССР;драма, мелодрама;8.1
170;kinopoisk.ru/film/8408/;Гарри Поттер и Кубок огня;Harry Potter and the Goblet of Fire, 2005;Великобритания, США;фэнтези, приключения;8.1
171;kinopoisk.ru/film/2513/;Анастасия;Anastasia, 1997;США;мультфильм, мюзикл;8.1
172;kinopoisk.ru/film/14349/;Такси;Taxi, 1998;Франция;боевик, комедия;8.1
173;kinopoisk.ru/film/42571/;Иди и смотри;1985;СССР;драма, военный;8.1
174;kinopoisk.ru/film/333/;Звёздные войны: Эпизод 4 – Новая надежда;Star Wars, 1977;США, Великобритания;фантастика, боевик;8.1
175;kinopoisk.ru/film/86326/;Счастливое число Слевина;Lucky Number Slevin, 2005;США, Канада;триллер, драма;8.1
176;kinopoisk.ru/film/8125/;Красотка;Pretty Woman, 1990;США;мелодрама, комедия;8.1
177;kinopoisk.ru/film/482/;История игрушек;Toy Story, 1995;США;мультфильм, фэнтези;8.1
178;kinopoisk.ru/film/1254059/;Доктор Лиза;2020;Россия;драма, биография;8.1
179;kinopoisk.ru/film/707/;Ледниковый период;Ice Age, 2002;США;мультфильм, фэнтези;8.1
180;kinopoisk.ru/film/39259/;Профессионал;Le professionnel, 1981;Франция;боевик, триллер;8.1
181;kinopoisk.ru/film/751/;Военный ныряльщик;Men of Honor, 2000;США;драма, биография;8.1
182;kinopoisk.ru/film/808639/;Дурак;2014;Россия;драма;8.1
183;kinopoisk.ru/film/782/;Заплати другому;Pay It Forward, 2000;США;драма;8.1
184;kinopoisk.ru/film/10179/;Блеф;Bluff storia di truffe e di imbroglioni, 1976;Италия;комедия, криминал;8.1
185;kinopoisk.ru/film/260162/;Далласский клуб покупателей;Dallas Buyers Club, 2013;США;драма, биография;8.1
186;kinopoisk.ru/film/939785/;Остров собак;Isle of Dogs, 2018;США, Германия;мультфильм, фантастика;8.1
187;kinopoisk.ru/film/472/;Индиана Джонс и последний крестовый поход;Indiana Jones and the Last Crusade, 1989;США;приключения, боевик;8.1
188;kinopoisk.ru/film/838/;Человек-паук;Spider-Man, 2002;США;фантастика, боевик;8.1
189;kinopoisk.ru/film/102130/;Дом у озера;Lake House, The, 2006;США;фэнтези, драма;8.1
190;kinopoisk.ru/film/1991/;Привидение;Ghost, 1990;США;мелодрама, фэнтези;8.1
191;kinopoisk.ru/film/89515/;Гарри Поттер и Принц-полукровка;Harry Potter and the Half-Blood Prince, 2009;Великобритания;фэнтези, приключения;8.1
192;kinopoisk.ru/film/77548/;Труп невесты;Corpse Bride, 2005;США, Великобритания;мультфильм, мюзикл;8.1
193;kinopoisk.ru/film/378140/;Рок-н-рольщик;RocknRolla, 2008;Великобритания, США;криминал, боевик;8.1
194;kinopoisk.ru/film/7226/;Догвилль;Dogville, 2003;Дания, Нидерланды;триллер, драма;8.1
195;kinopoisk.ru/film/81297/;Малышка на миллион;Million Dollar Baby, 2004;США;драма, спорт;8.1
196;kinopoisk.ru/film/341/;Амели;Fabuleux destin d'Amélie Poulain, Le, 2001;Франция, Германия;мелодрама, комедия;8.1
197;kinopoisk.ru/film/461939/;Линкольн для адвоката;Lincoln Lawyer, The, 2011;США;криминал, триллер;8.1
198;kinopoisk.ru/film/77265/;Шерлок Холмс и доктор Ватсон: Кровавая надпись;1979;СССР;криминал, детектив;8.1
199;kinopoisk.ru/film/738/;Жизнь Дэвида Гейла;Life of David Gale, The, 2002;Великобритания, Германия;триллер, драма;8.0
200;kinopoisk.ru/film/568289/;Богемская рапсодия;Bohemian Rhapsody, 2018;Великобритания, США;биография, музыка;8.0
201;kinopoisk.ru/film/944098/;Три билборда на границе Эббинга, Миссури;Three Billboards Outside Ebbing, Missouri, 2017;Великобритания, США;драма, криминал;8.0
202;kinopoisk.ru/film/469/;Однажды в Америке;Once Upon a Time in America, 1983;Италия, США;драма, криминал;8.0
203;kinopoisk.ru/film/104938/;В погоне за счастьем;Pursuit of Happyness, The, 2006;США;драма, биография;8.0
204;kinopoisk.ru/film/6039/;Маска;Mask, The, 1994;США;комедия, фэнтези;8.0
205;kinopoisk.ru/film/394/;Бешеные псы;Reservoir Dogs, 1991;США;криминал, драма;8.0
206;kinopoisk.ru/film/539/;Умница Уилл Хантинг;Good Will Hunting, 1997;США;драма, мелодрама;8.0
207;kinopoisk.ru/film/5059/;Знакомьтесь, Джо Блэк;Meet Joe Black, 1998;США;мелодрама, фэнтези;8.0
208;kinopoisk.ru/film/255611/;Искупление;Atonement, 2007;Великобритания, Франция;драма, мелодрама;8.0
209;kinopoisk.ru/film/471/;Крепкий орешек;Die Hard, 1988;США;боевик, триллер;8.0
210;kinopoisk.ru/film/588672/;Судья;Judge, The, 2014;США;драма;8.0
211;kinopoisk.ru/film/6764/;Последний самурай;Last Samurai, The, 2003;США, Новая Зеландия;боевик, драма;8.0
212;kinopoisk.ru/film/1846/;Небесный замок Лапута;Tenkû no shiro Rapyuta, 1986;Япония;аниме, мультфильм;8.0
213;kinopoisk.ru/film/692861/;Исчезнувшая;Gone Girl, 2014;США;триллер, драма;8.0
214;kinopoisk.ru/film/276762/;Гарри Поттер и Дары Смерти: Часть I;Harry Potter and the Deathly Hallows: Part 1, 2010;Великобритания, США;фэнтези, приключения;8.0
215;kinopoisk.ru/film/3563/;Трасса 60;Interstate 60, 2001;Канада, США;фантастика, фэнтези;8.0
216;kinopoisk.ru/film/596125/;Гонка;Rush, 2013;Великобритания, Германия;спорт, драма;8.0
217;kinopoisk.ru/film/572553/;Маленький принц;Le Petit Prince, 2015;Франция, Канада;мультфильм, фэнтези;8.0
218;kinopoisk.ru/film/386/;Чужой;Alien, 1979;Великобритания, США;ужасы, фантастика;8.0
219;kinopoisk.ru/film/48356/;Гарри Поттер и Орден Феникса;Harry Potter and the Order of the Phoenix, 2007;Великобритания, США;фэнтези, приключения;8.0
220;kinopoisk.ru/film/252641/;Хранители;Watchmen, 2009;США;фантастика, боевик;8.0
221;kinopoisk.ru/film/681849/;Лучшее предложение;La migliore offerta, 2012;Италия;триллер, драма;8.0
222;kinopoisk.ru/film/263531/;Мстители;Avengers, The, 2012;США;фантастика, боевик;8.0
223;kinopoisk.ru/film/86621/;Бесподобный мистер Фокс;Fantastic Mr. Fox, 2009;США, Великобритания;мультфильм, драма;8.0
224;kinopoisk.ru/film/46368/;Не может быть!;1975;СССР;мелодрама, комедия;8.0
225;kinopoisk.ru/film/4695/;Лицо со шрамом;Scarface, 1983;США;драма, криминал;8.0
226;kinopoisk.ru/film/841081/;Ла-Ла Ленд;La La Land, 2016;США, Гонконг;мюзикл, драма;8.0
227;kinopoisk.ru/film/436263/;Брестская крепость;2010;Беларусь, Россия;военный, боевик;8.0
228;kinopoisk.ru/film/497/;Римские каникулы;Roman Holiday, 1953;США;мелодрама, комедия;8.0
229;kinopoisk.ru/film/406/;Чужие;Aliens, 1986;Великобритания, США;ужасы, фантастика;8.0
230;kinopoisk.ru/film/5492/;Вечное сияние чистого разума;Eternal Sunshine of the Spotless Mind, 2004;США;мелодрама, фантастика;8.0
231;kinopoisk.ru/film/44811/;Кин-дза-дза!;1986;СССР;фантастика, драма;8.0
232;kinopoisk.ru/film/966036/;Скрытые фигуры;Hidden Figures, 2016;США;драма, биография;8.0
233;kinopoisk.ru/film/195434/;Старикам тут не место;No Country for Old Men, 2007;США;триллер, драма;8.0
234;kinopoisk.ru/film/6695/;Звёздные войны: Эпизод 1 – Скрытая угроза;Star Wars: Episode I - The Phantom Menace, 1999;США;фантастика, фэнтези;8.0
235;kinopoisk.ru/film/462606/;Области тьмы;Limitless, 2011;США, Мексика;триллер, драма;8.0
236;kinopoisk.ru/film/84049/;Рапунцель: Запутанная история;Tangled, 2010;США, Германия;мультфильм, мюзикл;8.0
237;kinopoisk.ru/film/662596/;Бойфренд из будущего;About Time, 2013;Великобритания, США;фантастика, фэнтези;8.0
238;kinopoisk.ru/film/41832/;Ковбой Бибоп;Cowboy Bebop: Tengoku no tobira, 2001;Япония;аниме, мультфильм;8.0
239;kinopoisk.ru/film/455194/;Пленницы;Prisoners, 2013;США;триллер, драма;8.0
240;kinopoisk.ru/film/885317/;Ученик чудовища;Bakemono no ko, 2015;Япония;аниме, мультфильм;8.0
241;kinopoisk.ru/film/843650/;Мстители: Финал;Avengers: Endgame, 2019;США;фантастика, боевик;8.0
242;kinopoisk.ru/film/2428/;Ведьмина служба доставки;Majo no takkyûbin, 1989;Япония;аниме, мультфильм;8.0
243;kinopoisk.ru/film/2494/;Казино;Casino, 1995;США, Франция;драма, криминал;8.0
244;kinopoisk.ru/film/5012/;Гаттака;Gattaca, 1997;США;фантастика, драма;8.0
245;kinopoisk.ru/film/367/;Реквием по мечте;Requiem for a Dream, 2000;США;драма;8.0
246;kinopoisk.ru/film/661/;Эрин Брокович;Erin Brockovich, 2000;США;драма, биография;8.0
247;kinopoisk.ru/film/351/;Красота по-американски;American Beauty, 1999;США;драма;8.0
248;kinopoisk.ru/film/841263/;Стражи Галактики. Часть 2;Guardians of the Galaxy Vol. 2, 2017;США;фантастика, боевик;8.0
249;kinopoisk.ru/film/420923/;Шерлок Холмс;Sherlock Holmes, 2009;США, Германия;боевик, приключения;8.0
